cOlvaTestCase,Benini,12796557839,cbenini0@ameblo.jp,15.07.2017,Vestibulum ante ipsum primis in ,m
cTheadoraTestCase,Bines,62643228909,cbines1@geocities.com,26.12.2016,Donec semper sapien  ,m
cGustieTestCase,Coenraets,51163510732,ccoenraets2@networksolutions.com,13.03.2017,In hac habitasse platea dictums ,f
cMarylouTestCase,Sprague,84117409568,csprague3@mtv.com,18.04.2017, Maecenas tristique, est et tempus sempe ,f
cEmTestCase,Bosomworth,61124936363,cbosomworth4@latimes.com,18.01.2017,Quisque ut era ,f
cMacTestCase,Stango,94156963648,cstango5@netscape.com,11.02.2017,Duis mattis egestas met ,m
cChristianaTestCase,Alloway,95314274312,calloway6@bbc.co.uk,13.12.2016,Phasellus id sapien ,m
cGerianneTestCase,Tomley,30573401249,ctomley7@angelfire.com,15.03.2017,Nulla tellus ,m
cAustineTestCase,McWhan,90259426398,cmcwhan8@uiuc.edu,29.09.2017, Nulla neque liber ,m
cTomasTestCase,Gronou,86528153649,cgronou9@about.com,18.09.2017,Fusce consequa,m
